UWI,top_name,MD
Torosa 1, Sea Bed,476.3
Torosa 1, Barracouta Fm,476.3
Torosa 1, Oliver Limestone Fm,955.8
Torosa 1, Prion Limestone Fm,2432.8
Torosa 1, Johnson Fm,3459.4
Torosa 1, Wangarlu Fm,3778.8
Torosa 1, Jamieson Fm,4005.2
Torosa 1, Plover Fm,4253.0
Torosa 1, J-LDM15(seismic marker),4266.0
Torosa 1, JP2 (near C.torosa),4290.3
Torosa 1, JP1 (seismic marker),4392.1
Torosa 1, Traissic ,4444.0
Torosa 1, TD,4685.0
Poseidon 1, Sea Bed ,520.4
Poseidon 1, Barracouta FM,520.4
Poseidon 1, Oliver Limestone FM,1000.6
Poseidon 1, Prion Limestone FM,2441.4
Poseidon 1, Grebe Limestone FM,2795.5
Poseidon 1, Heywood Limestone Member,2795.5
Poseidon 1, Baudin Marl Member,3233.9
Poseidon 1, Johnson Fm,3428.1
Poseidon 1, WGFP Fm,3732.8
Poseidon 1, Jamieson FM,3902.5
Poseidon 1, Montara FM,4620.0
Poseidon 1, Plover FM (Top Volcanics),4703.3
Poseidon 1, Plover FM (Top Reservoir),4798.4
Poseidon 1, Nome FM,5079.0
Poseidon 1, TD,5112.1
Poseidon 2, Sea Bed,519.0
Poseidon 2, Barracouta Fm,519.0
Poseidon 2, Oliver Limestone Fm,1002.0
Poseidon 2, Prion Limestone Fm,2464.7
Poseidon 2, Grebe Limestone Fm,2804.0
Poseidon 2, Johnson Fm,3477.0
Poseidon 2, WGFP Fm,3871.0
Poseidon 2, Jamieson Fm,4067.0
Poseidon 2, Vulcan Fm,4627.0
Poseidon 2, Montara Fm,4627.0
Poseidon 2, Volcanics ,4732.0
Poseidon 2, Plover A,4923.0
Poseidon 2, Plover C,5222.0
Poseidon 2, TD,5356.0
Kronos 1, Sea Bed,533.8
Kronos 1, Barracouta Fm,533.8
Kronos 1, Oliver Limestone Fm,968.0
Kronos 1, Prion Limestone Fm,2443.0
Kronos 1,  Grebe Limestone Fm,2858.0
Kronos 1, Heywood Limestone Member,2858.0
Kronos 1, Baudin Marl Member,3460.0
Kronos 1, Johnson Fm,3675.0
Kronos 1, WGFP Fm,3919.0
Kronos 1, Jamieson Fm,4064.0
Kronos 1, Montara Fm,4577.0
Kronos 1, Plover Fm (Top Volcanics),4585.0
Kronos 1, Plover Fm (Top Reservoir),4776.0
Kronos 1, Nome Fm,5075.0
Kronos 1, TD,5329.0
